City,State
Amalapuram,Andhra Pradesh
Anantapur,Andhra Pradesh
Bapatla,Andhra Pradesh
Eluru,Andhra Pradesh
Guntur,Andhra Pradesh
Hindupur,Andhra Pradesh
Kadapa,Andhra Pradesh
Kakinada,Andhra Pradesh
Machilipatnam,Andhra Pradesh
Nandyal,Andhra Pradesh
Narasaraopet,Andhra Pradesh
Nellore,Andhra Pradesh
Ongole,Andhra Pradesh
Rajahmundry,Andhra Pradesh
Rajampet,Andhra Pradesh
Srikakulam,Andhra Pradesh
Tirupati,Andhra Pradesh
Vijayawada,Andhra Pradesh
Vishakhapatnam,Andhra Pradesh
Vizianagaram,Andhra Pradesh
Abhayapuri,Assam
Barpeta,Assam
Dhubri,Assam
Dibrugarh,Assam
Guwahati,Assam
Jorhat,Assam
Kokrajhar,Assam
Silchar,Assam
Tezpur,Assam
Ara,Bihar
Araria,Bihar
Aurangabad,Bihar
Banka,Bihar
Begusarai,Bihar
Bhagalpur,Bihar
Buxar,Bihar
Darbhanga,Bihar
Gaya,Bihar
Gopalganj,Bihar
Hajipur,Bihar
Jahanabad,Bihar
Jamui,Bihar
Jhanjharpur,Bihar
Katihar,Bihar
Khagaria,Bihar
Madhubani,Bihar
Munger,Bihar
Muzaffarpur,Bihar
Nawada,Bihar
Purnia,Bihar
Samastipur,Bihar
Sheohar,Bihar
Sitamarhi,Bihar
Siwan,Bihar
Supaul,Bihar
Bilaspur,Chhattisgarh
Durg,Chhattisgarh
Kanker,Chhattisgarh
Korba,Chhattisgarh
Mahasamund,Chhattisgarh
Raigarh,Chhattisgarh
Raipur,Chhattisgarh
Rajnandgaon,Chhattisgarh
Amreli,Gujarat
Anand,Gujarat
Bantva,Gujarat
Bardoli,Gujarat
Bharuch,Gujarat
Bhavnagar,Gujarat
Dahod,Gujarat
Gandhinagar,Gujarat
Jamnagar,Gujarat
Junagadh,Gujarat
Patan,Gujarat
Porbandar,Gujarat
Rajkot,Gujarat
Surat,Gujarat
Surendranagar,Gujarat
Vadodara,Gujarat
Valsad,Gujarat
Ambala,Haryana
Faridabad,Haryana
Gurgaon,Haryana
Hisar,Haryana
Karnal,Haryana
Rohtak,Haryana
Sirsa,Haryana
Sonipat,Haryana
Hamirpur,Himachal Pradesh
Mandi,Himachal Pradesh
Shimla,Himachal Pradesh
Anantnag,Jammu And Kashmir
Jammu,Jammu And Kashmir
Srinagar,Jammu And Kashmir
Udhampur,Jammu And Kashmir
Chatra,Jharkhand
Dhanbad,Jharkhand
Dumka,Jharkhand
Giridih,Jharkhand
Godda,Jharkhand
Jamshedpur,Jharkhand
Khunti,Jharkhand
Kodarma,Jharkhand
Lohardaga,Jharkhand
Rajmahal,Jharkhand
Ranchi,Jharkhand
Bagalkot,Karnataka
Belgaum,Karnataka
Bellary,Karnataka
Bidar,Karnataka
Bijapur,Karnataka
Chitradurga,Karnataka
Gulbarga,Karnataka
Hassan,Karnataka
Haveri,Karnataka
Kolar,Karnataka
Koppal,Karnataka
Mandya,Karnataka
Mysore,Karnataka
Raichur,Karnataka
Shimoga,Karnataka
Tumkur,Karnataka
Alleppey,Kerala
Kannur,Kerala
Kasaragod,Kerala
Kottayam,Kerala
Kozhikode,Kerala
Malappuram,Kerala
Palghat,Kerala
Pathanamthitta,Kerala
Trichur,Kerala
Trivandrum,Kerala
Balaghat,Madhya Pradesh
Betul,Madhya Pradesh
Bhind,Madhya Pradesh
Bhopal,Madhya Pradesh
Chhindwara,Madhya Pradesh
Damoh,Madhya Pradesh
Dewas,Madhya Pradesh
Dhar,Madhya Pradesh
Guna,Madhya Pradesh
Gwalior,Madhya Pradesh
Hoshangabad,Madhya Pradesh
Indore,Madhya Pradesh
Jabalpur,Madhya Pradesh
Khajuraho,Madhya Pradesh
Khandwa,Madhya Pradesh
Khargone,Madhya Pradesh
Mandla,Madhya Pradesh
Mandsaur,Madhya Pradesh
Morena,Madhya Pradesh
Ratlam,Madhya Pradesh
Rewa,Madhya Pradesh
Sagar,Madhya Pradesh
Satna,Madhya Pradesh
Shahdol,Madhya Pradesh
Sidhi,Madhya Pradesh
Tikamgarh,Madhya Pradesh
Ujjain,Madhya Pradesh
Vidisha,Madhya Pradesh
Akola,Maharashtra
Amravati,Maharashtra
Baramati,Maharashtra
Bhiwandi,Maharashtra
Chandrapur,Maharashtra
Dhule,Maharashtra
Hingoli,Maharashtra
Jalna,Maharashtra
Kalyan,Maharashtra
Kolhapur,Maharashtra
Latur,Maharashtra
Nagpur,Maharashtra
Nandurbar,Maharashtra
Nashik,Maharashtra
Osmanabad,Maharashtra
Palghar,Maharashtra
Parbhani,Maharashtra
Pune,Maharashtra
Ramtek,Maharashtra
Raver,Maharashtra
Sangli,Maharashtra
Satara,Maharashtra
Shirdi,Maharashtra
Solapur,Maharashtra
Thane,Maharashtra
Wardha,Maharashtra
Shillong,Maharashtra
Tura,Meghalaya
Bargarh,Meghalaya
Bhadrak,Orissa
Bhubaneshwar,Orissa
Cuttack,Orissa
Dhenkanal,Orissa
Jajapur,Orissa
Koraput,Orissa
Puri,Orissa
Sambalpur,Orissa
Sundargarh,Orissa
Amritsar,Orissa
Anandpur Sahib,Punjab
Bathinda,Punjab
Faridkot,Punjab
Hoshiarpur,Punjab
Jalandhar,Punjab
Ludhiana,Punjab
Patiala,Punjab
Sangrur,Punjab
Ajmer,Punjab
Alwar,Rajasthan
Banswara,Rajasthan
Barmer,Rajasthan
Bharatpur,Rajasthan
Bhilwara,Rajasthan
Bikaner,Rajasthan
Churu,Rajasthan
Dausa,Rajasthan
Ganganagar,Rajasthan
Jaipur,Rajasthan
Jodhpur,Rajasthan
Kota,Rajasthan
Nagaur,Rajasthan
Pali,Rajasthan
Rajsamand,Rajasthan
Sikar,Rajasthan
Arakkonam,Rajasthan
Arani,Tamil Nadu
Chidambaram,Tamil Nadu
Coimbatore,Tamil Nadu
Cuddalore,Tamil Nadu
Dharmapuri,Tamil Nadu
Dindigul,Tamil Nadu
Erode,Tamil Nadu
Kanniyakumari,Tamil Nadu
Karur,Tamil Nadu
Krishnagiri,Tamil Nadu
Madurai,Tamil Nadu
Nagapattinam,Tamil Nadu
Namakkal,Tamil Nadu
Perambalur,Tamil Nadu
Pollachi,Tamil Nadu
Ramanathapuram,Tamil Nadu
Salem,Tamil Nadu
Sivaganga,Tamil Nadu
Sriperumbudur,Tamil Nadu
Tenkasi,Tamil Nadu
Thanjavur,Tamil Nadu
Theni,Tamil Nadu
Tiruchchirappalli,Tamil Nadu
Tirunelveli,Tamil Nadu
Tiruppur,Tamil Nadu
Tiruvallur,Tamil Nadu
Tiruvannamalai,Tamil Nadu
Vellore,Tamil Nadu
Adilabad,Tamil Nadu
Karimnagar,Telangana
Khammam,Telangana
Mahbubnagar,Telangana
Nalgonda,Telangana
Nizamabad,Telangana
Warangal,Telangana
Agra,Telangana
Aligarh,Uttar Pradesh
Allahabad,Uttar Pradesh
Amroha,Uttar Pradesh
Aonla,Uttar Pradesh
Azamgarh,Uttar Pradesh
Baghpat,Uttar Pradesh
Bahraich,Uttar Pradesh
Banda,Uttar Pradesh
Bareilly,Uttar Pradesh
Basti,Uttar Pradesh
Bijnor,Uttar Pradesh
Bulandshahr,Uttar Pradesh
Chandauli,Uttar Pradesh
Deoria,Uttar Pradesh
Etawah,Uttar Pradesh
Faizabad,Uttar Pradesh
Farrukhabad,Uttar Pradesh
Firozabad,Uttar Pradesh
Ghaziabad,Uttar Pradesh
Ghazipur,Uttar Pradesh
Ghosi,Uttar Pradesh
Gonda,Uttar Pradesh
Gorakhpur,Uttar Pradesh
Hardoi,Uttar Pradesh
Hathras,Uttar Pradesh
Jalaun,Uttar Pradesh
Jaunpur,Uttar Pradesh
Jhansi,Uttar Pradesh
Kairana,Uttar Pradesh
Kannauj,Uttar Pradesh
Kanpur,Uttar Pradesh
Lalganj,Uttar Pradesh
Lucknow,Uttar Pradesh
Machhlishahr,Uttar Pradesh
Mainpuri,Uttar Pradesh
Mathura,Uttar Pradesh
Meerut,Uttar Pradesh
Mirzapur,Uttar Pradesh
Misrikh,Uttar Pradesh
Moradabad,Uttar Pradesh
Muzaffarnagar,Uttar Pradesh
Nagina,Uttar Pradesh
Phulpur,Uttar Pradesh
Pilibhit,Uttar Pradesh
Rae Bareli,Uttar Pradesh
Robertsganj,Uttar Pradesh
Saharanpur,Uttar Pradesh
Sambhal,Uttar Pradesh
Shahjahanpur,Uttar Pradesh
Sitapur,Uttar Pradesh
Sultanpur,Uttar Pradesh
Unnao,Uttar Pradesh
Varanasi,Uttar Pradesh
Varanasi�,Uttar Pradesh
Almora,Uttar Pradesh
Arambagh,Uttar Pradesh
Asansol,Uttarakhand
Baharampur,West Bengal
Balurghat,West Bengal
Bangaon,West Bengal
Bankura,West Bengal
Barasat,West Bengal
Bishnupur,West Bengal
Bolpur,West Bengal
Darjiling,West Bengal
Diamond Harbour,West Bengal
Ghatal,West Bengal
Howrah,West Bengal
Jalpaiguri,West Bengal
Jangipur,West Bengal
Jhargram,West Bengal
Krishnanagar,West Bengal
Medinipur,West Bengal
Murshidabad,West Bengal
Raiganj,West Bengal
Ranaghat,West Bengal
Serampore,West Bengal
Tamluk,West Bengal
