Order Priority,Discount offered,Unit Price,Freight Expenses,Freight Mode,Segment,Product Type,Product Sub-Category,Product Container,City,Region,Country,Order Date,Ship Date,Profit,QtyOrdered,Sales
Low,0.0001,291.73,48.8,Delivery Truck,Hotels / Hospitals,Preserved Food,Sundried Tomatoes,Jumbo Drum,Shillong,East,India,02/01/2015,02/01/2015,-239.4192,1,309.77
Low,0.07,100.98,45,Delivery Truck,Hotels / Hospitals,Preserved Food,Sundried Tomatoes,Jumbo Drum,Shillong,East,India,02/01/2015,04/01/2015,-1301.814,12,1139.49
High,0.1,10.48,6.91,Regular Air,Stand Alone Restaurants,Processed Meat,Fresh Water Eel,Small Box,Hamirpur,North,India,02/01/2015,03/01/2015,-114.39,7,72.44
High,0.1,15.57,1.39,Regular Air,Hotels / Hospitals,Processed Meat,Caviar,Small Box,Banswara,West,India,03/01/2015,04/01/2015,135.7506,13,196.74
High,0.1,1.76,0.7,Regular Air,Hotels / Hospitals,Processed Meat,Foie Gras,Wrap Bag,Banswara,West,India,03/01/2015,05/01/2015,-4.0176,2,3.46
Medium,0.09,1938.02,13.99,Regular Air,Personel Usage,Canned Foods,Sliced Pineapple,Medium Box,Kottayam,South,India,03/01/2015,04/01/2015,-6024.752784,1,1834.14
Not Specified,0.02,54.2,11.1,Regular Air,Hotels / Hospitals,Preserved Food,Marmalade,Medium Box,Rewa,West,India,04/01/2015,04/01/2015,57.232,3,172.04
High,0.06,37.94,5.08,Regular Air,Hotels / Hospitals,Processed Meat,Smoked Salmon,Wrap Bag,Rewa,West,India,04/01/2015,06/01/2015,-33.968,3,113.14
High,0.1,55.29,5.08,Regular Air,Hotels / Hospitals,Processed Meat,Fresh Water Eel,Small Box,Rewa,West,India,04/01/2015,05/01/2015,163.12,35,1886.52
Not Specified,0.02,54.2,11.1,Regular Air,Hotels / Hospitals,Preserved Food,Marmalade,Medium Box,Guwahati,East,India,04/01/2015,04/01/2015,-52.346,1,57.35
High,0.06,37.94,5.08,Regular Air,Hotels / Hospitals,Processed Meat,Smoked Salmon,Wrap Bag,Jorhat,East,India,04/01/2015,06/01/2015,57.252,1,37.71
High,0.1,55.29,5.08,Regular Air,Hotels / Hospitals,Processed Meat,Fresh Water Eel,Small Box,Jorhat,East,India,04/01/2015,05/01/2015,529.47,9,485.11
Critical,0.0001,88.84,20.79,Regular Air,Restaurant Chain,Preserved Food,Marmalade,Large Box,Bharatpur,West,India,04/01/2015,04/01/2015,-14.3129,10,929.41
Critical,0.02,90.97,28,Delivery Truck,Restaurant Chain,Canned Foods,Sliced Pineapple,Jumbo Drum,Bharatpur,West,India,04/01/2015,07/01/2015,5.3193,1,100.1
Low,0.02,49.34,10.25,Regular Air,Personel Usage,Preserved Food,Marmalade,Large Box,Karimnagar,South,India,04/01/2015,08/01/2015,34.992,4,198.08
High,0.08,279.48,35,Regular Air,Restaurant Chain,Processed Meat,Fresh Water Eel,Large Box,Ludhiana,West,India,04/01/2015,08/01/2015,-193.018,13,3519.39
High,0.09,9.85,4.82,Regular Air,Stand Alone Restaurants,Processed Meat,Foie Gras,Wrap Bag,Pathanamthitta,South,India,04/01/2015,05/01/2015,-26.04,13,122.49
High,0.01,2.94,0.81,Regular Air,Stand Alone Restaurants,Processed Meat,Foie Gras,Wrap Bag,Pathanamthitta,South,India,04/01/2015,05/01/2015,10.7019,5,15.51
High,0.06,4.76,0.88,Regular Air,Personel Usage,Processed Meat,Smoked Salmon,Wrap Bag,Ghaziabad,North,India,05/01/2015,08/01/2015,21.848,36,168.48
High,0.0001,30.98,5.76,Regular Air,Restaurant Chain,Processed Meat,Smoked Salmon,Small Box,Nashik,West,India,05/01/2015,07/01/2015,749.658,6,189.24
High,0.05,7.77,9.23,Regular Air,Restaurant Chain,Processed Meat,Jelly Fish,Small Box,Arambagh,East,India,06/01/2015,07/01/2015,-124.8786,3,25.8
High,0.04,363.25,19.99,Regular Air,Restaurant Chain,Processed Meat,Jelly Fish,Small Box,Arambagh,East,India,06/01/2015,08/01/2015,50.139,4,1478.57
High,0.0001,11.66,8.99,Regular Air,Personel Usage,Processed Meat,Foie Gras,Small Pack,Abhayapuri,East,India,07/01/2015,08/01/2015,-53.2952,2,26.12
High,0.0001,4.91,0.5,Regular Air,Personel Usage,Processed Meat,Oysters (Clam),Small Box,Kottayam,South,India,07/01/2015,09/01/2015,20.9346,6,30.34
Medium,0.07,376.13,85.63,Delivery Truck,Restaurant Chain,Preserved Food,Jams,Jumbo Box,Tirunelveli,South,India,08/01/2015,10/01/2015,-430.4784,1,296.97
High,0.01,125.99,8.99,Regular Air,Restaurant Chain,Canned Foods,Quail Eggs,Small Box,Hisar,North,India,09/01/2015,10/01/2015,141.306,3,340.33
High,0.1,2.62,0.8,Regular Air,Restaurant Chain,Processed Meat,Tuna,Wrap Bag,Anandpur Sahib,West,India,09/01/2015,10/01/2015,16.1804,13,30.87
High,0.05,16.74,7.04,Regular Air,Restaurant Chain,Processed Meat,Fresh Water Eel,Small Box,Anandpur Sahib,West,India,09/01/2015,11/01/2015,-58.9496,1,17.79
